{
  "cells": {
    "p13_h1": {
      "p": 13,
      "n_heads": 1,
      "grok_epoch": null,
      "grokked": false,
      "test_acc": 0.3025210201740265,
      "train_acc": 1.0,
      "gini": 0.3790445327758789,
      "k_energy": 10,
      "k_unique": 5,
      "max_k": 6
    },
    "p13_h2": {
      "p": 13,
      "n_heads": 2,
      "grok_epoch": null,
      "grokked": false,
      "test_acc": 0.042016807943582535,
      "train_acc": 1.0,
      "gini": 0.43721336126327515,
      "k_energy": 10,
      "k_unique": 5,
      "max_k": 6
    },
    "p13_h4": {
      "p": 13,
      "n_heads": 4,
      "grok_epoch": null,
      "grokked": false,
      "test_acc": 0.2857142984867096,
      "train_acc": 1.0,
      "gini": 0.37199079990386963,
      "k_energy": 10,
      "k_unique": 5,
      "max_k": 6
    },
    "p13_h8": {
      "p": 13,
      "n_heads": 8,
      "grok_epoch": null,
      "grokked": false,
      "test_acc": 0.29411765933036804,
      "train_acc": 1.0,
      "gini": 0.34277868270874023,
      "k_energy": 10,
      "k_unique": 5,
      "max_k": 6
    },
    "p23_h1": {
      "p": 23,
      "n_heads": 1,
      "grok_epoch": null,
      "grokked": false,
      "test_acc": 0.6307277679443359,
      "train_acc": 1.0,
      "gini": 0.6341442465782166,
      "k_energy": 13,
      "k_unique": 5,
      "max_k": 11
    },
    "p23_h2": {
      "p": 23,
      "n_heads": 2,
      "grok_epoch": null,
      "grokked": false,
      "test_acc": 0.07277628034353256,
      "train_acc": 1.0,
      "gini": 0.4874957799911499,
      "k_energy": 18,
      "k_unique": 5,
      "max_k": 11
    },
    "p23_h4": {
      "p": 23,
      "n_heads": 4,
      "grok_epoch": null,
      "grokked": false,
      "test_acc": 0.13746631145477295,
      "train_acc": 1.0,
      "gini": 0.47828519344329834,
      "k_energy": 16,
      "k_unique": 5,
      "max_k": 11
    },
    "p23_h8": {
      "p": 23,
      "n_heads": 8,
      "grok_epoch": null,
      "grokked": false,
      "test_acc": 0.08086252957582474,
      "train_acc": 1.0,
      "gini": 0.5134404301643372,
      "k_energy": 17,
      "k_unique": 5,
      "max_k": 11
    },
    "p31_h1": {
      "p": 31,
      "n_heads": 1,
      "grok_epoch": null,
      "grokked": false,
      "test_acc": 0.2897473871707916,
      "train_acc": 1.0,
      "gini": 0.7981358766555786,
      "k_energy": 24,
      "k_unique": 5,
      "max_k": 15
    },
    "p31_h2": {
      "p": 31,
      "n_heads": 2,
      "grok_epoch": null,
      "grokked": false,
      "test_acc": 0.26894500851631165,
      "train_acc": 1.0,
      "gini": 0.7253121137619019,
      "k_energy": 25,
      "k_unique": 5,
      "max_k": 15
    },
    "p31_h4": {
      "p": 31,
      "n_heads": 4,
      "grok_epoch": null,
      "grokked": false,
      "test_acc": 0.10698365420103073,
      "train_acc": 1.0,
      "gini": 0.46119454503059387,
      "k_energy": 25,
      "k_unique": 5,
      "max_k": 15
    },
    "p31_h8": {
      "p": 31,
      "n_heads": 8,
      "grok_epoch": null,
      "grokked": false,
      "test_acc": 0.03863298520445824,
      "train_acc": 1.0,
      "gini": 0.8032209873199463,
      "k_energy": 25,
      "k_unique": 5,
      "max_k": 15
    },
    "p43_h1": {
      "p": 43,
      "n_heads": 1,
      "grok_epoch": null,
      "grokked": false,
      "test_acc": 0.9212355017662048,
      "train_acc": 1.0,
      "gini": 0.7906776666641235,
      "k_energy": 15,
      "k_unique": 5,
      "max_k": 21
    },
    "p43_h2": {
      "p": 43,
      "n_heads": 2,
      "grok_epoch": null,
      "grokked": false,
      "test_acc": 0.07644787430763245,
      "train_acc": 1.0,
      "gini": 0.6941885948181152,
      "k_energy": 32,
      "k_unique": 5,
      "max_k": 21
    },
    "p43_h4": {
      "p": 43,
      "n_heads": 4,
      "grok_epoch": null,
      "grokked": false,
      "test_acc": 0.0972972959280014,
      "train_acc": 1.0,
      "gini": 0.9315075874328613,
      "k_energy": 33,
      "k_unique": 5,
      "max_k": 21
    },
    "p43_h8": {
      "p": 43,
      "n_heads": 8,
      "grok_epoch": null,
      "grokked": false,
      "test_acc": 0.03861003741621971,
      "train_acc": 1.0,
      "gini": 0.9222928285598755,
      "k_energy": 33,
      "k_unique": 5,
      "max_k": 21
    },
    "p59_h1": {
      "p": 59,
      "n_heads": 1,
      "grok_epoch": 8800.0,
      "grokked": true,
      "test_acc": 0.9938448667526245,
      "train_acc": 1.0,
      "gini": 0.9675277471542358,
      "k_energy": 6,
      "k_unique": 5,
      "max_k": 29
    },
    "p59_h2": {
      "p": 59,
      "n_heads": 2,
      "grok_epoch": 23700.0,
      "grokked": true,
      "test_acc": 0.9844070672988892,
      "train_acc": 1.0,
      "gini": 0.9617345929145813,
      "k_energy": 6,
      "k_unique": 5,
      "max_k": 29
    },
    "p59_h4": {
      "p": 59,
      "n_heads": 4,
      "grok_epoch": 31600.0,
      "grokked": true,
      "test_acc": 1.0,
      "train_acc": 1.0,
      "gini": 0.9495105743408203,
      "k_energy": 5,
      "k_unique": 5,
      "max_k": 29
    },
    "p59_h8": {
      "p": 59,
      "n_heads": 8,
      "grok_epoch": 28800.0,
      "grokked": true,
      "test_acc": 1.0,
      "train_acc": 1.0,
      "gini": 0.9018313884735107,
      "k_energy": 5,
      "k_unique": 5,
      "max_k": 29
    },
    "p67_h1": {
      "p": 67,
      "n_heads": 1,
      "grok_epoch": 3000.0,
      "grokked": true,
      "test_acc": 0.9634107351303101,
      "train_acc": 1.0,
      "gini": 0.8157196044921875,
      "k_energy": 18,
      "k_unique": 5,
      "max_k": 33
    },
    "p67_h2": {
      "p": 67,
      "n_heads": 2,
      "grok_epoch": 12500.0,
      "grokked": true,
      "test_acc": 0.9869551062583923,
      "train_acc": 1.0,
      "gini": 0.8877427577972412,
      "k_energy": 6,
      "k_unique": 5,
      "max_k": 33
    },
    "p67_h4": {
      "p": 67,
      "n_heads": 4,
      "grok_epoch": 11500.0,
      "grokked": true,
      "test_acc": 0.9755011200904846,
      "train_acc": 1.0,
      "gini": 0.8762551546096802,
      "k_energy": 6,
      "k_unique": 5,
      "max_k": 33
    },
    "p67_h8": {
      "p": 67,
      "n_heads": 8,
      "grok_epoch": 9200.0,
      "grokked": true,
      "test_acc": 0.9885459542274475,
      "train_acc": 1.0,
      "gini": 0.8978206515312195,
      "k_energy": 6,
      "k_unique": 5,
      "max_k": 33
    },
    "p89_h1": {
      "p": 89,
      "n_heads": 1,
      "grok_epoch": 4300.0,
      "grokked": true,
      "test_acc": 1.0,
      "train_acc": 1.0,
      "gini": 0.9445018768310547,
      "k_energy": 6,
      "k_unique": 5,
      "max_k": 44
    },
    "p89_h2": {
      "p": 89,
      "n_heads": 2,
      "grok_epoch": 5400.0,
      "grokked": true,
      "test_acc": 1.0,
      "train_acc": 1.0,
      "gini": 0.9374082684516907,
      "k_energy": 5,
      "k_unique": 5,
      "max_k": 44
    },
    "p89_h4": {
      "p": 89,
      "n_heads": 4,
      "grok_epoch": 5800.0,
      "grokked": true,
      "test_acc": 1.0,
      "train_acc": 1.0,
      "gini": 0.9257500171661377,
      "k_energy": 6,
      "k_unique": 5,
      "max_k": 44
    },
    "p89_h8": {
      "p": 89,
      "n_heads": 8,
      "grok_epoch": 4800.0,
      "grokked": true,
      "test_acc": 1.0,
      "train_acc": 1.0,
      "gini": 0.930772602558136,
      "k_energy": 5,
      "k_unique": 5,
      "max_k": 44
    },
    "p113_h1": {
      "p": 113,
      "n_heads": 1,
      "grok_epoch": 3200.0,
      "grokked": true,
      "test_acc": 1.0,
      "train_acc": 1.0,
      "gini": 0.9766486287117004,
      "k_energy": 8,
      "k_unique": 5,
      "max_k": 56
    },
    "p113_h2": {
      "p": 113,
      "n_heads": 2,
      "grok_epoch": 6300.0,
      "grokked": true,
      "test_acc": 1.0,
      "train_acc": 1.0,
      "gini": 0.9628415107727051,
      "k_energy": 4,
      "k_unique": 5,
      "max_k": 56
    },
    "p113_h4": {
      "p": 113,
      "n_heads": 4,
      "grok_epoch": 8350.0,
      "grokked": true,
      "test_acc": 1.0,