{
  "sweep_config": {
    "primes": [
      43,
      59,
      67,
      113
    ],
    "heads": [
      1,
      2,
      4,
      8
    ],
    "seeds": [
      42,
      137,
      256
    ]
  },
  "cells": {
    "p43_h1": {
      "p": 43,
      "n_heads": 1,
      "grok_epochs": [
        null,
        15800.0,
        28700.0
      ],
      "grok_epoch_mean": 22250.0,
      "grok_epoch_std": 6450.0,
      "n_grokked": 2,
      "n_seeds": 3,
      "test_acc_mean": 0.9364221294720968,
      "test_acc_std": 0.040235219913836634,
      "test_accs": [
        0.9212355017662048,
        0.8965250849723816,
        0.9915058016777039
      ],
      "gini_mean": 0.8078779578208923,
      "gini_std": 0.03937954365826442
    },
    "p43_h2": {
      "p": 43,
      "n_heads": 2,
      "grok_epochs": [
        null,
        null,
        null
      ],
      "grok_epoch_mean": null,
      "grok_epoch_std": null,
      "n_grokked": 0,
      "n_seeds": 3,
      "test_acc_mean": 0.3536679372191429,
      "test_acc_std": 0.3790192137993752,
      "test_accs": [
        0.07644787430763245,
        0.8895752429962158,
        0.09498069435358047
      ],
      "gini_mean": 0.8011975288391113,
      "gini_std": 0.11118777615396096
    },
    "p43_h4": {
      "p": 43,
      "n_heads": 4,
      "grok_epochs": [
        null,
        null,
        null
      ],
      "grok_epoch_mean": null,
      "grok_epoch_std": null,
      "n_grokked": 0,
      "n_seeds": 3,
      "test_acc_mean": 0.12561132510503134,
      "test_acc_std": 0.023331312207891634,
      "test_accs": [
        0.0972972959280014,
        0.15444014966487885,
        0.12509652972221375
      ],
      "gini_mean": 0.9367611010869344,
      "gini_std": 0.003737590041946964
    },
    "p43_h8": {
      "p": 43,
      "n_heads": 8,
      "grok_epochs": [
        null,
        33700.0,
        null
      ],
      "grok_epoch_mean": 33700.0,
      "grok_epoch_std": null,
      "n_grokked": 1,
      "n_seeds": 3,
      "test_acc_mean": 0.41081081206599873,
      "test_acc_std": 0.41601679664913516,
      "test_accs": [
        0.03861003741621971,
        0.9915058016777039,
        0.20231659710407257
      ],
      "gini_mean": 0.9201027552286783,
      "gini_std": 0.0028541425822624254
    },
    "p59_h1": {
      "p": 59,
      "n_heads": 1,
      "grok_epochs": [
        8800.0,
        6600.0,
        11800.0
      ],
      "grok_epoch_mean": 9066.666666666666,
      "grok_epoch_std": 2131.2489817527708,
      "n_grokked": 3,
      "n_seeds": 3,
      "test_acc_mean": 0.9941184322039286,
      "test_acc_std": 0.004694584401018052,
      "test_accs": [
        0.9938448667526245,
        0.9885104298591614,
        1.0
      ],
      "gini_mean": 0.9079754749933878,
      "gini_std": 0.04414110926935996
    },
    "p59_h2": {
      "p": 59,
      "n_heads": 2,
      "grok_epochs": [
        23700.0,
        11100.0,
        21700.0
      ],
      "grok_epoch_mean": 18833.333333333332,
      "grok_epoch_std": 5528.913897764089,
      "n_grokked": 3,
      "n_seeds": 3,
      "test_acc_mean": 0.9824921488761902,
      "test_acc_std": 0.002708103604218985,
      "test_accs": [
        0.9844070672988892,
        0.9786623120307922,
        0.9844070672988892
      ],
      "gini_mean": 0.9108780225118002,
      "gini_std": 0.03672289861221439
    },
    "p59_h4": {
      "p": 59,
      "n_heads": 4,
      "grok_epochs": [
        31600.0,
        21700.0,
        null
      ],
      "grok_epoch_mean": 26650.0,
      "grok_epoch_std": 4950.0,
      "n_grokked": 2,
      "n_seeds": 3,
      "test_acc_mean": 0.7150868525107702,
      "test_acc_std": 0.39916196164583906,
      "test_accs": [
        1.0,
        0.9946655631065369,
        0.15059499442577362
      ],
      "gini_mean": 0.8600822488466898,
      "gini_std": 0.12594887008347433
    },
    "p59_h8": {
      "p": 59,
      "n_heads": 8,
      "grok_epochs": [
        28800.0,
        20400.0,
        22800.0
      ],
      "grok_epoch_mean": 24000.0,
      "grok_epoch_std": 3532.7043465311385,
      "n_grokked": 3,
      "n_seeds": 3,
      "test_acc_mean": 1.0,
      "test_acc_std": 0.0,
      "test_accs": [
        1.0,
        1.0,
        1.0
      ],
      "gini_mean": 0.9022040367126465,
      "gini_std": 0.0019401286811734295
    },
    "p67_h1": {
      "p": 67,
      "n_heads": 1,
      "grok_epochs": [
        3000.0,
        5500.0,
        6300.0
      ],
      "grok_epoch_mean": 4933.333333333333,
      "grok_epoch_std": 1405.5445761538676,
      "n_grokked": 3,
      "n_seeds": 3,
      "test_acc_mean": 0.9780464371045431,
      "test_acc_std": 0.01377582190477532,
      "test_accs": [
        0.9634107351303101,
        0.9965001344680786,
        0.9742284417152405
      ],
      "gini_mean": 0.8646451234817505,
      "gini_std": 0.04153119831531333
    },
    "p67_h2": {
      "p": 67,
      "n_heads": 2,
      "grok_epochs": [
        12500.0,
        9900.0,
        12100.0
      ],
      "grok_epoch_mean": 11500.0,
      "grok_epoch_std": 1143.0952132988166,
      "n_grokked": 3,
      "n_seeds": 3,
      "test_acc_mean": 0.9915155172348022,
      "test_acc_std": 0.003640049020566899,
      "test_accs": [
        0.9869551062583923,
        0.9917276501655579,
        0.9958637952804565
      ],
      "gini_mean": 0.9289544622103373,
      "gini_std": 0.030766375137123887
    },
    "p67_h4": {
      "p": 67,
      "n_heads": 4,
      "grok_epochs": [
        11500.0,
        10600.0,
        20800.0
      ],
      "grok_epoch_mean": 14300.0,
      "grok_epoch_std": 4610.856753359401,
      "n_grokked": 3,
      "n_seeds": 3,
      "test_acc_mean": 0.9896065394083658,
      "test_acc_std": 0.010215543173250708,
      "test_accs": [
        0.9755011200904846,
        0.9993636608123779,
        0.9939548373222351
      ],
      "gini_mean": 0.9038967887560526,
      "gini_std": 0.022721115868143515
    },
    "p67_h8": {
      "p": 67,
      "n_heads": 8,
      "grok_epochs": [
        9200.0,
        9500.0,
        20300.0
      ],
      "grok_epoch_mean": 13000.0,
      "grok_epoch_std": 5163.332257370234,
      "n_grokked": 3,
      "n_seeds": 3,
      "test_acc_mean": 0.9961819847424825,
      "test_acc_std": 0.005399488958528649,
      "test_accs": [
        0.9885459542274475,
        1.0,
        1.0
      ],
      "gini_mean": 0.9152756333351135,
      "gini_std": 0.014829544917845145
    },
    "p113_h1": {
      "p": 113,
      "n_heads": 1,
      "grok_epochs": [
        3200.0,
        2700.0,
        2900.0
      ],
      "grok_epoch_mean": 2933.3333333333335,
      "grok_epoch_std": 205.48046676563257,
      "n_grokked": 3,
      "n_seeds": 3,
      "test_acc_mean": 0.999850849310557,
      "test_acc_std": 0.00021093092784752103,
      "test_accs": [
        1.0,
        0.9995525479316711,
        1.0
      ],
      "gini_mean": 0.9527135292689005,
      "gini_std": 0.018251592488077027
    },
    "p113_h2": {
      "p": 113,
      "n_heads": 2,
      "grok_epochs": [
        6300.0,
        2500.0,
        3700.0
      ],
      "grok_epoch_mean": 4166.666666666667,
      "grok_epoch_std": 1586.050300449376,
      "n_grokked": 3,
      "n_seeds": 3,
      "test_acc_mean": 0.9991423487663269,
      "test_acc_std": 0.0012129020064465086,
      "test_accs": [
        1.0,
        0.9974270462989807,
        1.0
      ],
      "gini_mean": 0.9501116275787354,
      "gini_std": 0.011527368436782797
    },
    "p113_h4": {
      "p": 113,
      "n_heads": 4,
      "grok_epochs": [
        8350.0,
        4300.0,
        4900.0
      ],
      "grok_epoch_mean": 5850.0,
      "grok_epoch_std": 1784.6568297574747,
      "n_grokked": 3,
      "n_seeds": 3,
      "test_acc_mean": 1.0,
      "test_acc_std": 0.0,
      "test_accs": [
        1.0,
        1.0,
        1.0
      ],
      "gini_mean": 0.9525822003682455,
      "gini_std": 0.005451734994074901
    },
    "p113_h8": {
      "p": 113,
      "n_heads": 8,