{
  "addition": {
    "theo_gini": 0.9058199982067616,
    "learned_gini": 0.9490307023750143,
    "pearson_r": -0.04139217380358552,
    "pearson_p": 0.6647786004321465
  },
  "subtraction": {
    "theo_gini": 0.9058199982067616,
    "learned_gini": 0.9651751357972965,
    "pearson_r": -0.017063969856934768,
    "pearson_p": 0.8582713026908997
  },
  "multiplication": {
    "theo_gini": 0.0022480309338633077,
    "learned_gini": 0.018714758137181518,
    "pearson_r": 0.11895283801625818,
    "pearson_p": 0.21159323514301628
  },
  "x2_plus_y2": {
    "theo_gini": 0.04476066254456604,
    "learned_gini": 0.06538113619395117,
    "pearson_r": 0.03796329733261864,
    "pearson_p": 0.6910711137461936
  },
  "x3_plus_xy": {
    "theo_gini": 0.02813504735215314,
    "learned_gini": 0.08787349474099374,
    "pearson_r": 0.000281582589963969,
    "pearson_p": 0.997648989525086
  }
}