{
  "experiment": "circuit_comparison",
  "heads_analyzed": [
    1,
    4,
    16
  ],
  "p": 113,
  "per_model": {
    "1": {
      "key_frequencies": [
        24,
        26,
        31,
        45,
        48
      ],
      "interference_ratio": 3.1282067629748775,
      "diag_coupling_mean": 1.0,
      "offdiag_coupling_mean": 3.1282067629748775,
      "max_subspace_overlap": 0.6150138832685805,
      "mean_subspace_overlap": 0.1185363873838973,
      "active_neurons": 512,
      "key_freq_neurons": 512,
      "monosemantic_neurons": 509,
      "polysemantic_neurons": 3,
      "head_classifications": [
        {
          "head_idx": 0,
          "role": "amplification",
          "ov_norm": 57.09239196777344,
          "diag_coupling": 1.0,
          "offdiag_coupling": 3.1282067629748775,
          "interference_ratio": 3.1282067629748775,
          "key_freq_fraction": 0.8452452506314463,
          "attn_to_a": 0.49659380316734314,
          "attn_to_b": 0.4965730309486389,
          "attn_to_eq": 0.006835105828940868,
          "attn_to_ab": 0.9931668043136597
        }
      ],
      "head_ablation": [
        [
          0.9999999999999996,
          0.9999999999999984,
          0.9999999999999979,
          0.9999999999999991,
          0.9999999999999936
        ]
      ],
      "neuron_ablation_frac_change": [
        0.0,
        0.0,
        0.0,
        0.0,
        0.0
      ],
      "per_head_interference_ratios": [
        3.1282067629748775
      ]
    },
    "4": {
      "key_frequencies": [
        24,
        26,
        31,
        45,
        48
      ],
      "interference_ratio": 2.778258210109105,
      "diag_coupling_mean": 1.0,
      "offdiag_coupling_mean": 2.778258210109105,
      "max_subspace_overlap": 0.14148507587568465,
      "mean_subspace_overlap": 0.07524746314110117,
      "active_neurons": 512,
      "key_freq_neurons": 512,
      "monosemantic_neurons": 473,
      "polysemantic_neurons": 39,
      "head_classifications": [
        {
          "head_idx": 0,
          "role": "amplification",
          "ov_norm": 25.23430824279785,
          "diag_coupling": 1.0,
          "offdiag_coupling": 2.668481470007426,
          "interference_ratio": 2.668481470007426,
          "key_freq_fraction": 0.895663586380973,
          "attn_to_a": 0.48890262842178345,
          "attn_to_b": 0.4892371594905853,
          "attn_to_eq": 0.021860260516405106,
          "attn_to_ab": 0.9781397581100464
        },
        {
          "head_idx": 1,
          "role": "amplification",
          "ov_norm": 28.692068099975586,
          "diag_coupling": 1.0,
          "offdiag_coupling": 2.3051794494411024,
          "interference_ratio": 2.3051794494411024,
          "key_freq_fraction": 0.8746941984786339,
          "attn_to_a": 0.4930250346660614,
          "attn_to_b": 0.4948386251926422,
          "attn_to_eq": 0.012133903801441193,
          "attn_to_ab": 0.9878636598587036
        },
        {
          "head_idx": 2,
          "role": "amplification",
          "ov_norm": 21.880935668945312,
          "diag_coupling": 1.0,
          "offdiag_coupling": 3.150879750849658,
          "interference_ratio": 3.150879750849658,
          "key_freq_fraction": 0.9312765203427931,
          "attn_to_a": 0.48959654569625854,
          "attn_to_b": 0.4884955585002899,
          "attn_to_eq": 0.021905481815338135,
          "attn_to_ab": 0.9780920743942261
        },
        {
          "head_idx": 3,
          "role": "amplification",
          "ov_norm": 30.00981903076172,
          "diag_coupling": 1.0,
          "offdiag_coupling": 2.020371531294983,
          "interference_ratio": 2.020371531294983,
          "key_freq_fraction": 0.9312166820212271,
          "attn_to_a": 0.49014613032341003,
          "attn_to_b": 0.49188077449798584,
          "attn_to_eq": 0.017973585054278374,
          "attn_to_ab": 0.9820269346237183
        }
      ],
      "head_ablation": [
        [
          0.27185035208469516,
          0.12398158578861902,
          0.2065439692740657,
          0.43190799106615807,
          -0.10635000976736196
        ],
        [
          0.3527104832264766,
          0.1635240473276202,
          0.49925581627904586,
          0.14627946228586794,
          -0.5932795177577481
        ],
        [
          0.2142517910030122,
          0.2210107636411479,
          0.13512305046848602,
          0.09487029307876728,
          -0.08816925215178749
        ],
        [
          0.3471138217608269,
          0.16032334251203065,
          0.29202769303128046,
          0.4553305782532243,
          -0.06699759498421821
        ]
      ],
      "neuron_ablation_frac_change": [
        0.0,
        0.0,
        0.0,
        0.0,
        0.0
      ],
      "per_head_interference_ratios": [
        2.668481470007426,
        2.3051794494411024,
        3.150879750849658,
        2.020371531294983
      ]
    },
    "16": {
      "key_frequencies": [
        9,
        24,
        31,
        45,
        52
      ],
      "interference_ratio": 0.7755813396537812,
      "diag_coupling_mean": 1.0,
      "offdiag_coupling_mean": 0.7755813396537812,
      "max_subspace_overlap": 0.5581232785390473,
      "mean_subspace_overlap": 0.11081416730330144,
      "active_neurons": 512,
      "key_freq_neurons": 512,
      "monosemantic_neurons": 400,
      "polysemantic_neurons": 112,
      "head_classifications": [
        {
          "head_idx": 0,
          "role": "inactive",
          "ov_norm": 0.053618598729372025,
          "diag_coupling": 1.0,
          "offdiag_coupling": 2.5210472172584266,
          "interference_ratio": 2.5210472172584266,
          "key_freq_fraction": 0.9311936084704303,
          "attn_to_a": 0.33332809805870056,
          "attn_to_b": 0.333328515291214,
          "attn_to_eq": 0.3332735002040863,
          "attn_to_ab": 0.6666566133499146
        },
        {
          "head_idx": 1,
          "role": "inactive",
          "ov_norm": 0.07709557563066483,
          "diag_coupling": 1.0,
          "offdiag_coupling": 10.018548289916883,
          "interference_ratio": 10.018548289916883,
          "key_freq_fraction": 0.9155589900574008,
          "attn_to_a": 0.33330830931663513,
          "attn_to_b": 0.3333083391189575,
          "attn_to_eq": 0.33330756425857544,
          "attn_to_ab": 0.666616678237915
        },
        {
          "head_idx": 2,
          "role": "amplification",
          "ov_norm": 3.901949882507324,
          "diag_coupling": 1.0,
          "offdiag_coupling": 20.678151516393733,
          "interference_ratio": 20.678151516393733,
          "key_freq_fraction": 0.9166274469464739,
          "attn_to_a": 0.3609934151172638,
          "attn_to_b": 0.3604331314563751,
          "attn_to_eq": 0.27857306599617004,
          "attn_to_ab": 0.7214265465736389
        },
        {
          "head_idx": 3,
          "role": "amplification",
          "ov_norm": 4.704345226287842,
          "diag_coupling": 1.0,
          "offdiag_coupling": 20.750005693326028,
          "interference_ratio": 20.750005693326028,
          "key_freq_fraction": 0.9271136326571171,
          "attn_to_a": 0.33577078580856323,
          "attn_to_b": 0.33775362372398376,
          "attn_to_eq": 0.32647454738616943,
          "attn_to_ab": 0.6735243797302246
        },
        {
          "head_idx": 4,
          "role": "amplification",
          "ov_norm": 2.8372693061828613,
          "diag_coupling": 1.0,
          "offdiag_coupling": 6.612248484841416,
          "interference_ratio": 6.612248484841416,
          "key_freq_fraction": 0.9376503520266035,
          "attn_to_a": 0.33345842361450195,
          "attn_to_b": 0.33345940709114075,
          "attn_to_eq": 0.33306849002838135,
          "attn_to_ab": 0.6669178009033203
        },
        {
          "head_idx": 5,
          "role": "inactive",
          "ov_norm": 0.002397993579506874,
          "diag_coupling": 1.0,